{"cameraMode":{"drawMode":0,"name":"Shaded","section":"Shading Mode"},"sceneLighting":true,"audioPlay":false,"sceneViewState":{"showFog":true,"showMaterialUpdate":false,"showSkybox":true,"showFlares":true,"showImageEffects":true,"showParticleSystems":true,"showVisualEffectGraphs":true,"m_FxEnabled":true},"in2DMode":false,"pivot":{"x":1.6280674934387208,"y":-0.8173360824584961,"z":-3.363536834716797},"rotation":{"x":0.33699214458465578,"y":0.021176937967538835,"z":-0.007582321297377348,"w":0.941242516040802},"size":8.583189964294434,"orthographic":false}