{"cameraMode":{"drawMode":0,"name":"Shaded","section":"Shading Mode"},"sceneLighting":true,"audioPlay":false,"sceneViewState":{"showFog":true,"showMaterialUpdate":false,"showSkybox":true,"showFlares":true,"showImageEffects":true,"showParticleSystems":true,"showVisualEffectGraphs":true,"m_FxEnabled":true},"in2DMode":false,"pivot":{"x":1.5809149742126465,"y":3.107257843017578,"z":-4.3610687255859379},"rotation":{"x":0.21152354776859284,"y":0.03956591710448265,"z":-0.008572917431592942,"w":0.9765424132347107},"size":11.583191871643067,"orthographic":false}