{"cameraMode":{"drawMode":0,"name":"Shaded","section":"Shading Mode"},"sceneLighting":true,"audioPlay":false,"sceneViewState":{"showFog":true,"showMaterialUpdate":false,"showSkybox":true,"showFlares":true,"showImageEffects":true,"showParticleSystems":true,"showVisualEffectGraphs":true,"m_FxEnabled":true},"in2DMode":false,"pivot":{"x":1.7803691625595093,"y":5.238729953765869,"z":-3.5306529998779299},"rotation":{"x":0.16292481124401093,"y":0.04289890080690384,"z":-0.007093444466590881,"w":0.9856880903244019},"size":11.583191871643067,"orthographic":false}