{"cameraMode":{"drawMode":0,"name":"Shaded","section":"Shading Mode"},"sceneLighting":false,"audioPlay":false,"sceneViewState":{"showFog":true,"showMaterialUpdate":false,"showSkybox":true,"showFlares":true,"showImageEffects":true,"showParticleSystems":true,"showVisualEffectGraphs":true,"m_FxEnabled":true},"in2DMode":false,"pivot":{"x":3.847198009490967,"y":15.423805236816407,"z":12.519584655761719},"rotation":{"x":-0.01812887191772461,"y":0.8680758476257324,"z":-0.49509668350219729,"w":-0.03178827837109566},"size":10.300000190734864,"orthographic":false}