{"cameraMode":{"drawMode":0,"name":"Shaded","section":"Shading Mode"},"sceneLighting":false,"audioPlay":false,"sceneViewState":{"showFog":true,"showMaterialUpdate":false,"showSkybox":true,"showFlares":true,"showImageEffects":true,"showParticleSystems":true,"showVisualEffectGraphs":true,"m_FxEnabled":true},"in2DMode":false,"pivot":{"x":1070.3070068359375,"y":557.0118408203125,"z":-62.64501953125},"rotation":{"x":0.005999329034239054,"y":-0.0006347783491946757,"z":-0.000004143373189435806,"w":0.9999915957450867},"size":470.1647644042969,"orthographic":false}