{"cameraMode":{"drawMode":0,"name":"Shaded","section":"Shading Mode"},"sceneLighting":true,"audioPlay":false,"sceneViewState":{"showFog":true,"showMaterialUpdate":false,"showSkybox":true,"showFlares":true,"showImageEffects":true,"showParticleSystems":true,"showVisualEffectGraphs":true,"m_FxEnabled":true},"in2DMode":false,"pivot":{"x":0.8752139806747437,"y":-0.5875589847564697,"z":0.7398223876953125},"rotation":{"x":0.22665345668792725,"y":-0.25365015864372256,"z":0.06126658245921135,"w":0.9383705854415894},"size":4.661264419555664,"orthographic":true}