{"cameraMode":{"drawMode":0,"name":"Shaded","section":"Shading Mode"},"sceneLighting":false,"audioPlay":false,"sceneViewState":{"showFog":true,"showMaterialUpdate":false,"showSkybox":true,"showFlares":true,"showImageEffects":true,"showParticleSystems":true,"showVisualEffectGraphs":true,"m_FxEnabled":true},"in2DMode":false,"pivot":{"x":-0.9451087713241577,"y":-6.948432922363281,"z":6.308042526245117},"rotation":{"x":-0.42624402046203616,"y":-0.0002907775924541056,"z":0.00010140352242160589,"w":-0.9046385884284973},"size":20.081092834472658,"orthographic":false}