{"cameraMode":{"drawMode":0,"name":"Shaded","section":"Shading Mode"},"sceneLighting":true,"audioPlay":false,"sceneViewState":{"showFog":true,"showMaterialUpdate":false,"showSkybox":true,"showFlares":true,"showImageEffects":true,"showParticleSystems":true,"showVisualEffectGraphs":true,"m_FxEnabled":true},"in2DMode":false,"pivot":{"x":0.5154215097427368,"y":-0.08768939971923828,"z":0.30670738220214846},"rotation":{"x":0.22665345668792725,"y":-0.25365015864372256,"z":0.06126658245921135,"w":0.9383705854415894},"size":2.748579263687134,"orthographic":true}