{"cameraMode":{"drawMode":0,"name":"Shaded","section":"Shading Mode"},"sceneLighting":false,"audioPlay":false,"sceneViewState":{"showFog":true,"showMaterialUpdate":false,"showSkybox":true,"showFlares":true,"showImageEffects":true,"showParticleSystems":true,"showVisualEffectGraphs":true,"m_FxEnabled":true},"in2DMode":false,"pivot":{"x":113.68217468261719,"y":52.888954162597659,"z":90.71068572998047},"rotation":{"x":0.1503129005432129,"y":-0.013345672748982907,"z":0.0020297756418585779,"w":0.9885492324829102},"size":6.534068584442139,"orthographic":true}