{"cameraMode":{"drawMode":0,"name":"Shaded","section":"Shading Mode"},"sceneLighting":false,"audioPlay":false,"sceneViewState":{"showFog":true,"showMaterialUpdate":false,"showSkybox":true,"showFlares":true,"showImageEffects":true,"showParticleSystems":true,"showVisualEffectGraphs":true,"m_FxEnabled":true},"in2DMode":false,"pivot":{"x":9.607072830200196,"y":0.6026096343994141,"z":0.8785285949707031},"rotation":{"x":0.21569006145000459,"y":-0.02991035394370556,"z":0.0066019813530147079,"w":0.9759933352470398},"size":21.137176513671876,"orthographic":false}