{"cameraMode":{"drawMode":0,"name":"Shaded","section":"Shading Mode"},"sceneLighting":false,"audioPlay":false,"sceneViewState":{"showFog":true,"showMaterialUpdate":false,"showSkybox":true,"showFlares":true,"showImageEffects":true,"showParticleSystems":true,"showVisualEffectGraphs":true,"m_FxEnabled":true},"in2DMode":false,"pivot":{"x":16.184289932250978,"y":-18.477441787719728,"z":22.274776458740236},"rotation":{"x":-0.3076512813568115,"y":-0.02456074208021164,"z":0.007912803441286087,"w":-0.9511731266975403},"size":33.78153610229492,"orthographic":false}