{"cameraMode":{"drawMode":0,"name":"Shaded","section":"Shading Mode"},"sceneLighting":false,"audioPlay":false,"sceneViewState":{"showFog":true,"showMaterialUpdate":false,"showSkybox":true,"showFlares":true,"showImageEffects":true,"showParticleSystems":true,"showVisualEffectGraphs":true,"m_FxEnabled":true},"in2DMode":false,"pivot":{"x":925.8867797851563,"y":222.17800903320313,"z":19.716339111328126},"rotation":{"x":0.2536311447620392,"y":-0.022377388551831247,"z":0.005863569211214781,"w":0.9670365452766419},"size":170.95535278320313,"orthographic":false}