{"cameraMode":{"drawMode":0,"name":"Shaded","section":"Shading Mode"},"sceneLighting":false,"audioPlay":false,"sceneViewState":{"showFog":true,"showMaterialUpdate":false,"showSkybox":true,"showFlares":true,"showImageEffects":true,"showParticleSystems":true,"showVisualEffectGraphs":true,"m_FxEnabled":true},"in2DMode":false,"pivot":{"x":-1.7471344470977784,"y":1.1902925968170167,"z":4.3027496337890629},"rotation":{"x":0.03281757980585098,"y":0.9646393656730652,"z":-0.14579081535339356,"w":0.2171621322631836},"size":3.278693914413452,"orthographic":true}