{"cameraMode":{"drawMode":0,"name":"Shaded","section":"Shading Mode"},"sceneLighting":false,"audioPlay":false,"sceneViewState":{"showFog":true,"showMaterialUpdate":false,"showSkybox":true,"showFlares":true,"showImageEffects":true,"showParticleSystems":true,"showVisualEffectGraphs":true,"m_FxEnabled":true},"in2DMode":false,"pivot":{"x":10.049110412597657,"y":11.298674583435059,"z":-12.632669448852539},"rotation":{"x":-0.4793822467327118,"y":-0.07251232117414475,"z":0.039791401475667956,"w":-0.8737149834632874},"size":11.200000762939454,"orthographic":false}