{"cameraMode":{"drawMode":0,"name":"Shaded","section":"Shading Mode"},"sceneLighting":false,"audioPlay":false,"sceneViewState":{"showFog":true,"showMaterialUpdate":false,"showSkybox":true,"showFlares":true,"showImageEffects":true,"showParticleSystems":true,"showVisualEffectGraphs":true,"m_FxEnabled":true},"in2DMode":false,"pivot":{"x":15.02421760559082,"y":63.83247756958008,"z":99.91011810302735},"rotation":{"x":0.021854761987924577,"y":-0.7638939023017883,"z":0.025902394205331804,"w":0.6444606184959412},"size":29.073169708251954,"orthographic":true}