{"cameraMode":{"drawMode":0,"name":"Shaded","section":"Shading Mode"},"sceneLighting":false,"audioPlay":false,"sceneViewState":{"showFog":true,"showMaterialUpdate":false,"showSkybox":true,"showFlares":true,"showImageEffects":true,"showParticleSystems":true,"showVisualEffectGraphs":true,"m_FxEnabled":true},"in2DMode":false,"pivot":{"x":1262.461181640625,"y":328.06719970703127,"z":187.407470703125},"rotation":{"x":-0.042844533920288089,"y":0.17117679119110108,"z":0.0074481903575360779,"w":0.9842920303344727},"size":785.1735229492188,"orthographic":true}