{"cameraMode":{"drawMode":0,"name":"Shaded","section":"Shading Mode"},"sceneLighting":false,"audioPlay":false,"sceneViewState":{"showFog":true,"showMaterialUpdate":false,"showSkybox":true,"showFlares":true,"showImageEffects":true,"showParticleSystems":true,"showVisualEffectGraphs":true,"m_FxEnabled":true},"in2DMode":false,"pivot":{"x":17.954946517944337,"y":18.56013298034668,"z":-19.523265838623048},"rotation":{"x":-0.43690693378448489,"y":0.024005552753806115,"z":-0.011667483486235142,"w":-0.8991269469261169},"size":2.1650636196136476,"orthographic":false}